epoch,time,train/box_loss,train/seg_loss,train/cls_loss,train/dfl_loss,metrics/precision(B),metrics/recall(B),metrics/mAP50(B),metrics/mAP50-95(B),metrics/precision(M),metrics/recall(M),metrics/mAP50(M),metrics/mAP50-95(M),val/box_loss,val/seg_loss,val/cls_loss,val/dfl_loss,lr/pg0,lr/pg1,lr/pg2
1,21.5528,1.69554,4.72521,9.673,2.02924,0.78766,0.79167,0.79034,0.1597,0.00033,0.125,0.00071,0.00016,2.87593,12.3047,10.0699,4.6161,0.0004,0.0004,0.0004
2,35.9002,1.14408,1.49666,2.38773,1.58018,0.78485,0.58333,0.72451,0.337,0.82932,0.66667,0.78608,0.40785,1.49324,3.11462,6.44085,3.91559,0.000815941,0.000815941,0.000815941
3,50.0947,1.16057,1.01894,1.50404,1.58603,0.67314,0.16667,0.1562,0.03581,0.3697,0.08333,0.0651,0.00651,4.04986,30.7617,7.56687,4.78184,0.00122772,0.00122772,0.00122772
4,64.1469,1.10113,1.26556,1.08706,1.51155,0.00022,0.08333,0.00014,2e-05,0,0,0,0,4.46229,434.766,7.57316,6.30112,0.00163535,0.00163535,0.00163535
5,78.2343,1.18732,1.04449,1.11554,1.57839,0.36304,0.16667,0.1423,0.02768,0.05618,0.125,0.01571,0.00685,3.10344,94.9805,2.60512,3.10587,0.0019604,0.0019604,0.0019604
6,92.1457,1.03919,0.92104,0.97697,1.42927,0,0,0,0,0,0,0,0,6.04691,35.8301,4.48314,7.19321,0.0019505,0.0019505,0.0019505
7,106.157,0.9759,0.88818,0.84298,1.40968,0.5189,0.53938,0.39663,0.24085,0.5189,0.53938,0.41227,0.25843,1.78091,2.55249,4.21084,2.4173,0.0019406,0.0019406,0.0019406
8,120.036,0.9639,0.88668,0.75561,1.35998,0.20928,0.83333,0.30495,0.09553,0.27397,0.86487,0.36001,0.16739,2.62806,0.62759,5.10607,4.11293,0.0019307,0.0019307,0.0019307
9,133.673,0.92943,0.8489,0.80403,1.38627,0.72854,0.875,0.73358,0.36866,0.7662,0.91667,0.77217,0.2208,1.78211,5.33569,1.62853,2.17327,0.0019208,0.0019208,0.0019208
10,147.293,0.89496,0.77338,0.70506,1.31447,0.52838,0.625,0.55581,0.18216,0.38835,0.5,0.41504,0.20791,2.44068,1.62598,2.31,3.30642,0.0019109,0.0019109,0.0019109
11,160.935,0.82747,0.78891,0.67994,1.26161,0.92259,0.95833,0.96518,0.66198,0.92259,0.95833,0.96518,0.74467,1.33949,1.0849,1.02756,1.56237,0.001901,0.001901,0.001901
12,174.799,0.81054,0.6846,0.67335,1.26521,0.13564,0.125,0.01877,0.00211,0.18091,0.16667,0.03252,0.00349,4.70556,7.55127,3.72677,6.01581,0.0018911,0.0018911,0.0018911
13,188.395,0.7927,0.65285,0.62173,1.24915,0.58208,1,0.80091,0.38327,0.58208,1,0.85973,0.59083,1.49269,0.43121,2.11581,1.11872,0.0018812,0.0018812,0.0018812
14,202.179,0.81645,0.74351,0.65744,1.26404,0.64266,1,0.76407,0.50162,0.64266,1,0.76407,0.66879,1.11531,0.34172,1.27997,1.11166,0.0018713,0.0018713,0.0018713
15,215.896,0.79881,0.62996,0.61454,1.24466,0.75866,1,0.83425,0.6026,0.75866,1,0.83425,0.53118,0.99425,1.53534,1.36094,1.39493,0.0018614,0.0018614,0.0018614
16,229.59,0.78357,0.65116,0.60171,1.222,0.89515,1,0.96363,0.67532,0.89515,1,0.96363,0.84178,1.16677,0.47333,1.19432,1.22144,0.0018515,0.0018515,0.0018515
17,243.472,0.77978,0.66403,0.61158,1.21913,0.95922,0.9804,0.9918,0.66614,0.93803,0.95833,0.99026,0.59434,1.32256,1.05011,0.82035,2.29043,0.0018416,0.0018416,0.0018416
18,257.085,0.73365,0.66447,0.59029,1.23019,0.92202,0.98562,0.98711,0.5033,0.92202,0.98562,0.98711,0.69667,1.17709,0.28954,1.20484,1.46577,0.0018317,0.0018317,0.0018317
19,270.699,0.7237,0.66222,0.57183,1.19309,0.87515,1,0.9746,0.7631,0.87515,1,0.9746,0.90413,0.83105,0.26138,0.87012,0.93059,0.0018218,0.0018218,0.0018218
20,284.386,0.71558,0.62883,0.58786,1.20107,0.94195,1,0.9734,0.73911,0.94195,1,0.9734,0.81578,0.91533,0.28519,0.59566,1.17253,0.0018119,0.0018119,0.0018119
21,298.055,0.63983,0.5472,0.48483,1.14498,0.99315,1,0.995,0.75659,0.99315,1,0.995,0.88674,0.80331,0.38589,0.61696,1.04237,0.001802,0.001802,0.001802
22,311.724,0.70594,0.64592,0.51988,1.18102,0.94488,1,0.995,0.67357,0.94488,1,0.995,0.7717,1.0071,0.37079,0.86159,1.4313,0.0017921,0.0017921,0.0017921
23,325.476,0.70576,0.65642,0.54305,1.19606,0.94427,1,0.987,0.67436,0.95307,1,0.995,0.83457,1.15599,0.43419,0.74091,1.37445,0.0017822,0.0017822,0.0017822
24,339.294,0.66009,0.59247,0.51453,1.16587,0.92163,0.98036,0.98577,0.68958,0.92163,0.98036,0.98577,0.74508,1.01375,0.62988,0.68086,1.31668,0.0017723,0.0017723,0.0017723
25,353.103,0.6318,0.60678,0.50085,1.11245,0.82881,1,0.97543,0.80029,0.82881,1,0.97543,0.89905,0.71077,0.28107,0.67222,1.0043,0.0017624,0.0017624,0.0017624
26,366.896,0.67783,0.62903,0.51629,1.14939,0.99627,1,0.995,0.78685,0.99627,1,0.995,0.8788,0.86571,0.41153,2.22416,1.10602,0.0017525,0.0017525,0.0017525
27,380.732,0.62102,0.54868,0.47611,1.09631,0.91489,1,0.987,0.70717,0.91489,1,0.987,0.8361,0.86267,0.30991,0.76203,1.04219,0.0017426,0.0017426,0.0017426
28,394.321,0.61888,0.58765,0.4713,1.11602,0.97298,1,0.995,0.80115,0.97298,1,0.995,0.91127,0.84883,0.25543,0.6099,1.1295,0.0017327,0.0017327,0.0017327
29,408.223,0.60077,0.54998,0.47441,1.0847,0.9045,1,0.9934,0.82286,0.9045,1,0.9934,0.88232,0.71363,0.36644,0.56995,0.99663,0.0017228,0.0017228,0.0017228
30,421.907,0.62838,0.5739,0.49635,1.13778,0.99634,1,0.995,0.72402,0.99634,1,0.995,0.76212,0.92849,0.3495,0.8889,1.48878,0.0017129,0.0017129,0.0017129
31,435.712,0.63284,0.57498,0.49549,1.1176,0.98963,1,0.995,0.75812,0.98963,1,0.995,0.87543,0.92542,0.30739,0.8218,1.01654,0.001703,0.001703,0.001703
32,449.761,0.60468,0.58641,0.48365,1.10824,0.99622,1,0.995,0.77932,0.99622,1,0.995,0.80871,0.80455,0.33188,0.59879,1.11016,0.0016931,0.0016931,0.0016931
33,463.798,0.61047,0.60773,0.47349,1.11037,0.98016,1,0.995,0.73107,0.98016,1,0.995,0.84385,0.81365,0.23529,0.74016,1.04079,0.0016832,0.0016832,0.0016832
34,477.762,0.59005,0.59714,0.44925,1.10978,0.97276,1,0.995,0.74815,0.97276,1,0.995,0.7567,1.00076,0.26825,0.85831,1.16864,0.0016733,0.0016733,0.0016733
35,491.359,0.57676,0.54484,0.41096,1.09978,0.99565,1,0.995,0.75008,0.99565,1,0.995,0.91952,0.89836,0.28473,0.72158,1.17612,0.0016634,0.0016634,0.0016634
36,504.931,0.59823,0.57371,0.45227,1.09508,0.99462,1,0.995,0.77577,0.99462,1,0.995,0.87766,0.83511,0.29434,0.69781,1.03286,0.0016535,0.0016535,0.0016535
37,518.818,0.59869,0.55626,0.47016,1.11032,0.99125,1,0.995,0.78629,0.99125,1,0.995,0.84992,0.80093,0.24719,0.71365,1.01542,0.0016436,0.0016436,0.0016436
38,532.811,0.56078,0.50693,0.42367,1.06967,0.99729,1,0.995,0.83641,0.99729,1,0.995,0.90697,0.66161,0.2742,0.49845,0.86348,0.0016337,0.0016337,0.0016337
39,547.088,0.56465,0.55969,0.44914,1.07261,0.99745,1,0.995,0.79584,0.99745,1,0.995,0.90139,0.75833,0.27489,0.59339,1.04071,0.0016238,0.0016238,0.0016238
40,561.243,0.6067,0.56003,0.4397,1.10495,0.99397,1,0.995,0.77755,0.99397,1,0.995,0.75033,0.88081,1.17004,0.60874,1.09162,0.0016139,0.0016139,0.0016139
41,575.431,0.59967,0.51515,0.44192,1.10153,0.98982,1,0.995,0.79667,0.98982,1,0.995,0.84521,0.71783,0.26115,0.73875,0.99547,0.001604,0.001604,0.001604
42,589.402,0.55387,0.51406,0.40959,1.07131,0.88559,1,0.9934,0.77741,0.88559,1,0.9934,0.91258,0.73243,0.24673,0.83006,0.90095,0.0015941,0.0015941,0.0015941
43,603.406,0.61158,0.58086,0.4483,1.09471,0.94435,1,0.995,0.80938,0.94435,1,0.995,0.911,0.68633,0.23918,0.74293,0.97643,0.0015842,0.0015842,0.0015842
44,617.398,0.57234,0.53119,0.4353,1.07553,0.99605,1,0.995,0.82074,0.99605,1,0.995,0.9017,0.76249,0.27122,0.52387,1.01814,0.0015743,0.0015743,0.0015743
45,631.444,0.54563,0.52428,0.40401,1.06098,0.99317,1,0.995,0.79642,0.99317,1,0.995,0.88892,0.86315,0.23037,0.54345,1.07079,0.0015644,0.0015644,0.0015644
46,645.487,0.56942,0.52397,0.41702,1.0751,0.99577,1,0.995,0.84009,0.99577,1,0.995,0.89833,0.67729,0.27878,0.50127,0.95149,0.0015545,0.0015545,0.0015545
47,659.437,0.57038,0.56005,0.42302,1.0768,0.99737,1,0.995,0.75516,0.99737,1,0.995,0.91572,0.89939,0.27077,0.60489,0.92422,0.0015446,0.0015446,0.0015446
48,673.303,0.5489,0.47054,0.42224,1.06819,0.99438,1,0.995,0.88341,0.99438,1,0.995,0.88272,0.6056,0.28908,0.55033,0.87581,0.0015347,0.0015347,0.0015347
49,687.463,0.54624,0.49018,0.41982,1.0626,0.99267,1,0.995,0.78621,0.99267,1,0.995,0.91209,0.77222,0.27168,0.65611,0.93797,0.0015248,0.0015248,0.0015248
50,701.507,0.51137,0.48454,0.39707,1.04317,0.99737,1,0.995,0.82155,0.99737,1,0.995,0.91546,0.68464,0.28336,0.60776,0.79044,0.0015149,0.0015149,0.0015149
51,715.536,0.53685,0.49563,0.40789,1.0418,0.99595,1,0.995,0.88492,0.99595,1,0.995,0.90385,0.63239,0.24147,0.52234,0.90483,0.001505,0.001505,0.001505
52,729.65,0.51124,0.49777,0.38394,1.04443,0.98944,1,0.995,0.80074,0.98944,1,0.995,0.90914,0.71465,0.26596,0.6201,0.91393,0.0014951,0.0014951,0.0014951
53,743.722,0.53388,0.4957,0.39797,1.04902,0.99621,1,0.995,0.79195,0.99621,1,0.995,0.90963,0.71344,0.23598,0.5238,0.96098,0.0014852,0.0014852,0.0014852
54,757.788,0.53745,0.49654,0.39991,1.04148,0.99745,1,0.995,0.77181,0.99745,1,0.995,0.91466,0.77958,0.29732,0.58482,0.89079,0.0014753,0.0014753,0.0014753
55,771.863,0.50297,0.4844,0.37943,1.02395,0.99646,1,0.995,0.89603,0.99646,1,0.995,0.85,0.65401,0.26779,0.59362,1.01152,0.0014654,0.0014654,0.0014654
56,786.029,0.50065,0.50037,0.37025,1.0345,0.99726,1,0.995,0.78491,0.99726,1,0.995,0.82461,0.65336,0.23964,0.61518,0.94661,0.0014555,0.0014555,0.0014555
57,800.051,0.49493,0.50047,0.35815,1.02801,0.99581,1,0.995,0.81122,0.99581,1,0.995,0.92107,0.74785,0.25841,0.47392,0.98909,0.0014456,0.0014456,0.0014456
58,813.974,0.51724,0.48781,0.38254,1.03788,0.99699,1,0.995,0.81015,0.99699,1,0.995,0.9041,0.74986,0.37079,0.64228,0.90371,0.0014357,0.0014357,0.0014357
59,827.835,0.52369,0.49019,0.37855,1.05245,0.99258,1,0.995,0.80652,0.99258,1,0.995,0.95796,0.70133,0.24788,0.53963,0.86078,0.0014258,0.0014258,0.0014258
60,841.763,0.48679,0.45191,0.34245,1.0155,0.9969,1,0.995,0.78393,0.9969,1,0.995,0.92034,0.84948,0.2504,0.59681,0.91751,0.0014159,0.0014159,0.0014159
61,856.082,0.5054,0.46633,0.37622,1.02842,0.99663,1,0.995,0.87263,0.99663,1,0.995,0.88504,0.58566,0.23277,1.04114,0.89162,0.001406,0.001406,0.001406
62,870.899,0.47514,0.45645,0.36768,1.03413,0.99698,1,0.995,0.86942,0.99698,1,0.995,0.93076,0.5775,0.24467,0.46999,0.80869,0.0013961,0.0013961,0.0013961
63,885.79,0.47269,0.42287,0.36201,1.02385,0.99729,1,0.995,0.83647,0.99729,1,0.995,0.93688,0.61846,0.24261,0.43839,0.79795,0.0013862,0.0013862,0.0013862
64,900.715,0.49529,0.46495,0.36238,1.01311,0.99759,1,0.995,0.83845,0.99759,1,0.995,0.90019,0.66618,0.23598,0.43259,0.96555,0.0013763,0.0013763,0.0013763
65,915.538,0.51448,0.51881,0.37405,1.0338,0.9976,1,0.995,0.81018,0.9976,1,0.995,0.94333,0.75233,0.25108,0.42727,0.83588,0.0013664,0.0013664,0.0013664
66,930.714,0.49367,0.49793,0.36508,1.03075,0.99733,1,0.995,0.86757,0.99733,1,0.995,0.93533,0.58233,0.24696,0.4319,0.74624,0.0013565,0.0013565,0.0013565
67,945.936,0.50651,0.49234,0.37482,1.03718,0.99547,1,0.995,0.84563,0.99547,1,0.995,0.90995,0.68166,0.24467,0.52553,0.95648,0.0013466,0.0013466,0.0013466
68,961.03,0.47392,0.45877,0.35521,1.00653,0.9973,1,0.995,0.84576,0.9973,1,0.995,0.93311,0.62615,0.2417,0.5208,0.83372,0.0013367,0.0013367,0.0013367
69,976.006,0.47656,0.45762,0.36134,1.01626,0.98839,1,0.995,0.80885,0.98839,1,0.995,0.95565,0.65824,0.26848,0.48451,0.81067,0.0013268,0.0013268,0.0013268
70,991.05,0.47121,0.47653,0.35942,1.00203,0.9967,1,0.995,0.85895,0.9967,1,0.995,0.92901,0.59943,0.24216,0.53808,0.83155,0.0013169,0.0013169,0.0013169
71,1006.31,0.46427,0.45616,0.33608,1.00396,0.99643,1,0.995,0.8819,0.99643,1,0.995,0.91879,0.65325,0.233,0.57693,0.85086,0.001307,0.001307,0.001307
72,1021.41,0.4788,0.47975,0.34925,1.02497,0.99713,1,0.995,0.83438,0.99713,1,0.995,0.90372,0.74,0.23895,0.44778,0.91667,0.0012971,0.0012971,0.0012971
73,1036.39,0.44782,0.41695,0.3288,1.00726,0.99735,1,0.995,0.90135,0.99735,1,0.995,0.93718,0.55774,0.24422,0.43698,0.74721,0.0012872,0.0012872,0.0012872
74,1051.43,0.47519,0.45437,0.34503,1.01594,0.99599,1,0.995,0.87516,0.99599,1,0.995,0.94234,0.59415,0.25475,0.47845,0.75406,0.0012773,0.0012773,0.0012773
75,1066.19,0.46515,0.42549,0.34845,1.00829,0.99702,1,0.995,0.83737,0.99702,1,0.995,0.93557,0.66084,0.23289,0.47483,0.82343,0.0012674,0.0012674,0.0012674
76,1080.92,0.47083,0.4741,0.33897,1.00454,0.99753,1,0.995,0.89171,0.99753,1,0.995,0.94037,0.57779,0.22785,0.41118,0.76534,0.0012575,0.0012575,0.0012575
77,1095.9,0.44736,0.44181,0.33825,0.99124,0.99663,1,0.995,0.82344,0.99663,1,0.995,0.94906,0.72834,0.23918,0.43007,0.8017,0.0012476,0.0012476,0.0012476
78,1110.87,0.4621,0.44732,0.32595,0.99725,0.99752,1,0.995,0.88633,0.99752,1,0.995,0.94581,0.57811,0.23277,0.41736,0.80661,0.0012377,0.0012377,0.0012377
79,1125.72,0.43696,0.44548,0.33162,0.98876,0.99522,1,0.995,0.88928,0.99522,1,0.995,0.92259,0.56596,0.22831,0.43401,0.85695,0.0012278,0.0012278,0.0012278
80,1140.74,0.46871,0.48326,0.34679,0.99643,0.99738,1,0.995,0.86034,0.99738,1,0.995,0.93745,0.63556,0.23529,0.44706,0.81894,0.0012179,0.0012179,0.0012179
81,1155.01,0.46195,0.42874,0.32969,1.00044,0.99717,1,0.995,0.8864,0.99717,1,0.995,0.89892,0.61552,0.22865,0.58081,0.80797,0.001208,0.001208,0.001208
82,1168.71,0.46659,0.43901,0.3339,1.01094,0.99721,1,0.995,0.87882,0.99721,1,0.995,0.84763,0.58914,0.25864,0.54011,0.8261,0.0011981,0.0011981,0.0011981
83,1182.47,0.45476,0.44302,0.31785,0.99731,0.99738,1,0.995,0.8311,0.99738,1,0.995,0.95287,0.73965,0.22625,0.43504,0.91566,0.0011882,0.0011882,0.0011882
84,1196.24,0.44867,0.42043,0.31696,1.00088,0.99364,1,0.995,0.84578,0.99364,1,0.995,0.91018,0.61506,0.23335,0.52352,0.86157,0.0011783,0.0011783,0.0011783
85,1209.98,0.45654,0.44882,0.3366,0.98948,0.99452,1,0.995,0.88393,0.99452,1,0.995,0.91672,0.59674,0.26138,0.39938,0.84588,0.0011684,0.0011684,0.0011684
86,1223.63,0.44997,0.48576,0.33375,0.98802,0.9975,1,0.995,0.88661,0.9975,1,0.995,0.94143,0.56825,0.25566,0.41311,0.76233,0.0011585,0.0011585,0.0011585
87,1237.25,0.45706,0.47661,0.34025,0.9913,0.99738,1,0.995,0.86949,0.99738,1,0.995,0.94337,0.63466,0.24101,0.50592,0.79046,0.0011486,0.0011486,0.0011486
88,1250.98,0.45642,0.48641,0.33759,0.98887,0.99756,1,0.995,0.87957,0.99756,1,0.995,0.95111,0.67056,0.24193,0.62704,0.80077,0.0011387,0.0011387,0.0011387
89,1264.6,0.43069,0.44652,0.30535,0.9611,0.99563,1,0.995,0.88151,0.99563,1,0.995,0.94207,0.57926,0.25543,0.55849,0.83586,0.0011288,0.0011288,0.0011288
90,1278.28,0.41931,0.44161,0.2976,0.96898,0.99755,1,0.995,0.79645,0.99755,1,0.995,0.93543,0.81375,0.23872,0.58966,0.91286,0.0011189,0.0011189,0.0011189
91,1291.87,0.40881,0.42967,0.30302,0.97317,0.99678,1,0.995,0.90889,0.99678,1,0.995,0.9483,0.53557,0.23689,0.41376,0.78992,0.001109,0.001109,0.001109
92,1305.78,0.43352,0.44965,0.31198,0.97732,0.99759,1,0.995,0.90345,0.99759,1,0.995,0.96016,0.57391,0.2306,0.42673,0.77506,0.0010991,0.0010991,0.0010991
93,1319.55,0.44543,0.45285,0.3222,0.98276,0.99775,1,0.995,0.85773,0.99775,1,0.995,0.92246,0.62174,0.22739,0.42059,0.82946,0.0010892,0.0010892,0.0010892
94,1333.31,0.41643,0.42332,0.2949,0.97531,0.99601,1,0.995,0.86325,0.99601,1,0.995,0.91767,0.56011,0.30144,0.41115,0.74924,0.0010793,0.0010793,0.0010793
95,1347.08,0.44968,0.44634,0.33539,0.9914,0.99739,1,0.995,0.87183,0.99739,1,0.995,0.89404,0.59246,0.22579,0.40262,0.78095,0.0010694,0.0010694,0.0010694
96,1360.62,0.4205,0.46002,0.30476,0.9672,0.99269,1,0.995,0.89377,0.99269,1,0.995,0.8776,0.55083,0.23643,0.39064,0.78547,0.0010595,0.0010595,0.0010595
97,1374.18,0.45528,0.45609,0.331,0.99269,0.99461,1,0.995,0.81957,0.99461,1,0.995,0.92045,0.73418,0.2322,0.43854,0.90955,0.0010496,0.0010496,0.0010496
98,1387.84,0.44956,0.429,0.31229,0.9919,0.99748,1,0.995,0.85635,0.99748,1,0.995,0.9186,0.60315,0.23529,0.63981,0.81571,0.0010397,0.0010397,0.0010397
99,1401.4,0.43174,0.43009,0.30089,0.96887,0.99762,1,0.995,0.87064,0.99762,1,0.995,0.94632,0.68714,0.23621,0.53421,0.73762,0.0010298,0.0010298,0.0010298
100,1415.85,0.44488,0.45683,0.29831,0.9898,0.99757,1,0.995,0.88529,0.99757,1,0.995,0.94325,0.54495,0.23197,0.3788,0.76985,0.0010199,0.0010199,0.0010199
101,1430.38,0.42869,0.40903,0.31416,0.97938,0.99765,1,0.995,0.92565,0.99765,1,0.995,0.94652,0.50126,0.23037,0.33633,0.78298,0.00101,0.00101,0.00101
102,1445.15,0.41846,0.41966,0.30615,0.97753,0.99751,1,0.995,0.90761,0.99751,1,0.995,0.92298,0.53055,0.24239,0.47258,0.81754,0.0010001,0.0010001,0.0010001
103,1459.91,0.41292,0.42082,0.29995,0.98691,0.99745,1,0.995,0.87826,0.99745,1,0.995,0.95175,0.59293,0.23186,0.42863,0.78409,0.0009902,0.0009902,0.0009902
104,1474.75,0.3951,0.43696,0.28732,0.97578,0.99738,1,0.995,0.85718,0.99738,1,0.995,0.94737,0.73405,0.24055,0.69475,0.9658,0.0009803,0.0009803,0.0009803
105,1488.96,0.41086,0.4191,0.29154,0.9684,0.99753,1,0.995,0.86856,0.99753,1,0.995,0.96943,0.5355,0.22945,0.40484,0.73085,0.0009704,0.0009704,0.0009704
106,1502.7,0.41875,0.41033,0.2989,0.98271,0.99759,1,0.995,0.83922,0.99759,1,0.995,0.91924,0.68996,0.23689,0.39781,0.86483,0.0009605,0.0009605,0.0009605
107,1516.36,0.39231,0.40331,0.28579,0.9604,0.99756,1,0.995,0.88344,0.99756,1,0.995,0.93308,0.60752,0.22877,0.37922,0.80772,0.0009506,0.0009506,0.0009506
108,1530.08,0.41203,0.449,0.29659,0.96419,0.99763,1,0.995,0.87476,0.99763,1,0.995,0.95128,0.57498,0.23438,0.40642,0.77916,0.0009407,0.0009407,0.0009407
109,1543.86,0.42475,0.41455,0.30192,0.97865,0.99752,1,0.995,0.88472,0.99752,1,0.995,0.92732,0.54622,0.24307,0.353,0.74632,0.0009308,0.0009308,0.0009308
110,1557.59,0.41786,0.40331,0.29674,0.97382,0.99742,1,0.995,0.90199,0.99742,1,0.995,0.95564,0.57037,0.24536,0.40236,0.76627,0.0009209,0.0009209,0.0009209
111,1571.27,0.41819,0.4123,0.29382,0.97369,0.99761,1,0.995,0.90495,0.99761,1,0.995,0.93151,0.52087,0.23277,0.3386,0.76571,0.000911,0.000911,0.000911
112,1585.19,0.39867,0.39686,0.28208,0.96879,0.99773,1,0.995,0.90005,0.99773,1,0.995,0.94733,0.60337,0.22842,0.34923,0.79598,0.0009011,0.0009011,0.0009011
113,1598.9,0.41176,0.39303,0.28845,0.97944,0.99764,1,0.995,0.91778,0.99764,1,0.995,0.94149,0.52587,0.23323,0.37923,0.74705,0.0008912,0.0008912,0.0008912
114,1612.67,0.40026,0.40552,0.27952,0.95468,0.99757,1,0.995,0.89329,0.99757,1,0.995,0.95834,0.5796,0.233,0.39464,0.77027,0.0008813,0.0008813,0.0008813
115,1626.46,0.40479,0.41164,0.2912,0.95822,0.99765,1,0.995,0.90153,0.99765,1,0.995,0.932,0.58227,0.24101,0.43561,0.77806,0.0008714,0.0008714,0.0008714
116,1640.17,0.37202,0.37762,0.26202,0.94053,0.9957,1,0.995,0.85833,0.9957,1,0.995,0.9544,0.6922,0.23895,0.43555,0.82216,0.0008615,0.0008615,0.0008615
117,1653.89,0.38775,0.39244,0.27309,0.94867,0.99773,1,0.995,0.85528,0.99773,1,0.995,0.94333,0.55582,0.23598,0.39593,0.78275,0.0008516,0.0008516,0.0008516
118,1667.49,0.39987,0.41728,0.28183,0.96208,0.99733,1,0.995,0.86931,0.99733,1,0.995,0.95608,0.63094,0.22762,0.35098,0.80356,0.0008417,0.0008417,0.0008417
119,1681.09,0.40341,0.42613,0.2858,0.96593,0.99564,1,0.995,0.92218,0.99564,1,0.995,0.92179,0.51205,0.23197,0.34027,0.73922,0.0008318,0.0008318,0.0008318
120,1694.68,0.38235,0.4351,0.26934,0.93959,0.99771,1,0.995,0.89173,0.99771,1,0.995,0.92431,0.58723,0.23483,0.38669,0.73626,0.0008219,0.0008219,0.0008219
121,1708.33,0.37633,0.40284,0.27041,0.95806,0.99777,1,0.995,0.90835,0.99777,1,0.995,0.9527,0.4845,0.23266,0.32889,0.68322,0.000812,0.000812,0.000812
122,1721.97,0.39933,0.45399,0.29959,0.9671,0.99776,1,0.995,0.92536,0.99776,1,0.995,0.96377,0.48793,0.22705,0.31232,0.706,0.0008021,0.0008021,0.0008021
123,1735.88,0.38933,0.40981,0.30283,0.95422,0.99768,1,0.995,0.91858,0.99768,1,0.995,0.94641,0.49759,0.23037,0.33337,0.72506,0.0007922,0.0007922,0.0007922
124,1749.8,0.39716,0.43358,0.29363,0.95856,0.99776,1,0.995,0.8771,0.99776,1,0.995,0.93004,0.62952,0.23712,0.37381,0.82067,0.0007823,0.0007823,0.0007823
125,1763.61,0.39719,0.45206,0.2815,0.94806,0.9976,1,0.995,0.88316,0.9976,1,0.995,0.95844,0.54162,0.229,0.37066,0.70908,0.0007724,0.0007724,0.0007724
126,1777.26,0.37936,0.38636,0.27708,0.93457,0.99773,1,0.995,0.92024,0.99773,1,0.995,0.9613,0.5135,0.24147,0.34909,0.70826,0.0007625,0.0007625,0.0007625
127,1790.9,0.35916,0.38611,0.24938,0.93457,0.99766,1,0.995,0.93265,0.99766,1,0.995,0.91959,0.50247,0.24239,0.29807,0.73204,0.0007526,0.0007526,0.0007526
128,1804.65,0.39278,0.41713,0.28094,0.94598,0.99779,1,0.995,0.91765,0.99779,1,0.995,0.95634,0.50569,0.22888,0.30507,0.69535,0.0007427,0.0007427,0.0007427
129,1818.37,0.36982,0.39105,0.25529,0.94675,0.99777,1,0.995,0.88602,0.99777,1,0.995,0.93423,0.61638,0.22602,0.37013,0.78863,0.0007328,0.0007328,0.0007328
130,1831.93,0.35678,0.38736,0.2567,0.93488,0.99768,1,0.995,0.9181,0.99768,1,0.995,0.9038,0.46123,0.23129,0.33177,0.72888,0.0007229,0.0007229,0.0007229
131,1845.82,0.38225,0.45749,0.27443,0.9395,0.99764,1,0.995,0.92723,0.99764,1,0.995,0.92895,0.49474,0.22808,0.31655,0.72445,0.000713,0.000713,0.000713
132,1859.55,0.39413,0.43457,0.27764,0.94478,0.99752,1,0.995,0.89206,0.99752,1,0.995,0.97117,0.55171,0.2235,0.37528,0.75927,0.0007031,0.0007031,0.0007031
133,1873.25,0.41485,0.44235,0.2923,0.96084,0.99644,1,0.995,0.91703,0.99644,1,0.995,0.9612,0.53141,0.23174,0.3827,0.74456,0.0006932,0.0006932,0.0006932
134,1887.05,0.38467,0.37281,0.2666,0.95028,0.99764,1,0.995,0.90345,0.99764,1,0.995,0.92887,0.55886,0.22591,0.33879,0.77033,0.0006833,0.0006833,0.0006833
135,1900.85,0.37219,0.37906,0.27258,0.94984,0.99769,1,0.995,0.89186,0.99769,1,0.995,0.93052,0.58563,0.22076,0.38535,0.81932,0.0006734,0.0006734,0.0006734
136,1914.72,0.3639,0.39725,0.2548,0.94538,0.99755,1,0.995,0.90009,0.99755,1,0.995,0.9572,0.56106,0.22339,0.35489,0.76119,0.0006635,0.0006635,0.0006635
137,1928.29,0.36533,0.42625,0.25576,0.94609,0.99752,1,0.995,0.92782,0.99752,1,0.995,0.96178,0.52069,0.22751,0.421,0.70231,0.0006536,0.0006536,0.0006536
138,1942.07,0.38133,0.41548,0.26805,0.94337,0.99755,1,0.995,0.89403,0.99755,1,0.995,0.94491,0.53649,0.22808,0.37145,0.71214,0.0006437,0.0006437,0.0006437
139,1955.87,0.36162,0.39716,0.25782,0.938,0.99766,1,0.995,0.91817,0.99766,1,0.995,0.9263,0.48515,0.23918,0.30252,0.70557,0.0006338,0.0006338,0.0006338
140,1969.71,0.37205,0.38313,0.26628,0.94463,0.99768,1,0.995,0.9256,0.99768,1,0.995,0.9691,0.49553,0.22144,0.30974,0.69693,0.0006239,0.0006239,0.0006239
141,1983.42,0.36768,0.39047,0.25974,0.93046,0.99769,1,0.995,0.9125,0.99769,1,0.995,0.94255,0.52029,0.22202,0.30024,0.72527,0.000614,0.000614,0.000614
142,1997.43,0.36794,0.40054,0.26717,0.94636,0.99768,1,0.995,0.93699,0.99768,1,0.995,0.939,0.4571,0.22888,0.26432,0.68661,0.0006041,0.0006041,0.0006041
143,2012.3,0.35635,0.39655,0.25305,0.92314,0.99774,1,0.995,0.90156,0.99774,1,0.995,0.93538,0.4951,0.22934,0.30174,0.79453,0.0005942,0.0005942,0.0005942
144,2026.96,0.35559,0.40091,0.25087,0.92585,0.99767,1,0.995,0.88714,0.99767,1,0.995,0.9603,0.53437,0.22682,0.32945,0.78445,0.0005843,0.0005843,0.0005843
145,2041.59,0.35411,0.3993,0.24083,0.93013,0.99772,1,0.995,0.92531,0.99772,1,0.995,0.94434,0.49527,0.23174,0.32364,0.72727,0.0005744,0.0005744,0.0005744
146,2056.32,0.3634,0.38427,0.24932,0.92936,0.9977,1,0.995,0.92935,0.9977,1,0.995,0.96117,0.46681,0.22739,0.29934,0.70369,0.0005645,0.0005645,0.0005645
147,2071.22,0.34632,0.38805,0.23895,0.92713,0.99771,1,0.995,0.9268,0.99771,1,0.995,0.96219,0.53066,0.22671,0.32798,0.72585,0.0005546,0.0005546,0.0005546
148,2085.9,0.33677,0.37355,0.24297,0.92038,0.99772,1,0.995,0.93159,0.99772,1,0.995,0.96667,0.5046,0.22202,0.32121,0.68975,0.0005447,0.0005447,0.0005447
149,2100.83,0.34548,0.36745,0.22961,0.91797,0.99772,1,0.995,0.93508,0.99772,1,0.995,0.96774,0.4713,0.2211,0.32095,0.69731,0.0005348,0.0005348,0.0005348
150,2115.61,0.34947,0.35959,0.23836,0.92235,0.99769,1,0.995,0.90952,0.99769,1,0.995,0.94623,0.52713,0.22453,0.32917,0.74996,0.0005249,0.0005249,0.0005249
151,2130.63,0.34295,0.34258,0.25393,0.92111,0.99767,1,0.995,0.90751,0.99767,1,0.995,0.93613,0.49495,0.2219,0.28439,0.78575,0.000515,0.000515,0.000515
152,2145.41,0.3308,0.36597,0.22927,0.91238,0.99775,1,0.995,0.92533,0.99775,1,0.995,0.95179,0.4611,0.22808,0.28655,0.66285,0.0005051,0.0005051,0.0005051
153,2160.31,0.35176,0.40504,0.24102,0.92724,0.99774,1,0.995,0.91796,0.99774,1,0.995,0.97311,0.51165,0.22671,0.30568,0.70239,0.0004952,0.0004952,0.0004952
154,2175.14,0.36901,0.38012,0.26317,0.94156,0.99772,1,0.995,0.87842,0.99772,1,0.995,0.95008,0.59754,0.21984,0.35678,0.80425,0.0004853,0.0004853,0.0004853
155,2189.81,0.34463,0.38457,0.23633,0.91873,0.99772,1,0.995,0.92551,0.99772,1,0.995,0.9706,0.47014,0.23106,0.30344,0.66276,0.0004754,0.0004754,0.0004754
156,2204.38,0.3312,0.35612,0.23002,0.91995,0.99772,1,0.995,0.916,0.99772,1,0.995,0.95583,0.50407,0.22568,0.34004,0.67099,0.0004655,0.0004655,0.0004655
157,2219.06,0.3448,0.34411,0.24565,0.91694,0.9977,1,0.995,0.89491,0.9977,1,0.995,0.95776,0.51139,0.22991,0.33942,0.70145,0.0004556,0.0004556,0.0004556
158,2233.67,0.33398,0.37782,0.223,0.926,0.99775,1,0.995,0.92583,0.99775,1,0.995,0.95948,0.47524,0.22694,0.31682,0.67748,0.0004457,0.0004457,0.0004457
159,2248.53,0.32915,0.34961,0.22996,0.91832,0.99773,1,0.995,0.91489,0.99773,1,0.995,0.95002,0.48401,0.22602,0.32888,0.67885,0.0004358,0.0004358,0.0004358
160,2263.55,0.33174,0.39001,0.2351,0.91857,0.99761,1,0.995,0.9023,0.99761,1,0.995,0.94744,0.49051,0.22099,0.30637,0.68279,0.0004259,0.0004259,0.0004259
161,2278.29,0.3132,0.36765,0.23613,0.91283,0.99771,1,0.995,0.93897,0.99771,1,0.995,0.94198,0.44454,0.21893,0.29119,0.66583,0.000416,0.000416,0.000416
162,2292.99,0.33998,0.36531,0.23279,0.92131,0.9977,1,0.995,0.92586,0.9977,1,0.995,0.93968,0.44693,0.22213,0.29813,0.65637,0.0004061,0.0004061,0.0004061
163,2307.79,0.33655,0.39115,0.22917,0.90768,0.99771,1,0.995,0.91376,0.99771,1,0.995,0.95997,0.47752,0.21927,0.32295,0.66539,0.0003962,0.0003962,0.0003962
164,2322.72,0.34044,0.38317,0.23184,0.93965,0.99766,1,0.995,0.91479,0.99766,1,0.995,0.95932,0.46792,0.22293,0.29596,0.65808,0.0003863,0.0003863,0.0003863
165,2337.54,0.3316,0.38442,0.23119,0.92864,0.99769,1,0.995,0.92363,0.99769,1,0.995,0.96472,0.48166,0.22133,0.27922,0.66132,0.0003764,0.0003764,0.0003764
166,2352.14,0.33082,0.37184,0.24026,0.91796,0.99768,1,0.995,0.92532,0.99768,1,0.995,0.95118,0.44555,0.22121,0.28936,0.64891,0.0003665,0.0003665,0.0003665
167,2366.79,0.32657,0.3731,0.24465,0.92723,0.99759,1,0.995,0.91405,0.99759,1,0.995,0.94089,0.46337,0.22305,0.29885,0.67007,0.0003566,0.0003566,0.0003566
168,2381.62,0.34125,0.38914,0.23791,0.92636,0.99766,1,0.995,0.92204,0.99766,1,0.995,0.95371,0.4701,0.22305,0.2968,0.66056,0.0003467,0.0003467,0.0003467
169,2396.31,0.324,0.36111,0.22561,0.91036,0.99761,1,0.995,0.91972,0.99761,1,0.995,0.96915,0.49995,0.22202,0.30402,0.66473,0.0003368,0.0003368,0.0003368
170,2411.07,0.34087,0.40067,0.23884,0.92864,0.99764,1,0.995,0.9242,0.99764,1,0.995,0.94425,0.4648,0.21824,0.30625,0.66692,0.0003269,0.0003269,0.0003269
171,2425.71,0.30481,0.34149,0.21661,0.89747,0.99771,1,0.995,0.93154,0.99771,1,0.995,0.95668,0.43335,0.21378,0.27372,0.63983,0.000317,0.000317,0.000317
172,2440.61,0.32197,0.38068,0.2269,0.92358,0.99769,1,0.995,0.94005,0.99769,1,0.995,0.94551,0.42894,0.21824,0.29354,0.63515,0.0003071,0.0003071,0.0003071
173,2455.24,0.31593,0.34671,0.20861,0.90984,0.99772,1,0.995,0.94015,0.99772,1,0.995,0.95036,0.43591,0.22053,0.29955,0.65707,0.0002972,0.0002972,0.0002972
174,2470.05,0.30198,0.3357,0.21022,0.90295,0.99771,1,0.995,0.9246,0.99771,1,0.995,0.9497,0.43817,0.23083,0.29198,0.65073,0.0002873,0.0002873,0.0002873
175,2484.78,0.32852,0.40628,0.23937,0.91432,0.99764,1,0.995,0.9266,0.99764,1,0.995,0.94162,0.44646,0.22991,0.2878,0.65935,0.0002774,0.0002774,0.0002774
176,2499.63,0.32215,0.38135,0.22648,0.90517,0.99766,1,0.995,0.92674,0.99766,1,0.995,0.94821,0.44487,0.22602,0.29365,0.64728,0.0002675,0.0002675,0.0002675
177,2514.41,0.32179,0.36997,0.22657,0.91638,0.9977,1,0.995,0.93262,0.9977,1,0.995,0.95979,0.4226,0.22282,0.29088,0.64445,0.0002576,0.0002576,0.0002576
178,2529.16,0.32757,0.39324,0.24128,0.91002,0.9977,1,0.995,0.92685,0.9977,1,0.995,0.95463,0.43066,0.22041,0.29221,0.65959,0.0002477,0.0002477,0.0002477
179,2544.09,0.31595,0.35231,0.21391,0.91493,0.99758,1,0.995,0.9291,0.99758,1,0.995,0.9529,0.44584,0.21996,0.27408,0.65378,0.0002378,0.0002378,0.0002378
180,2558.75,0.31667,0.35049,0.2175,0.90178,0.99756,1,0.995,0.92663,0.99756,1,0.995,0.96252,0.4458,0.21778,0.28256,0.6598,0.0002279,0.0002279,0.0002279
181,2573.48,0.30884,0.38446,0.21884,0.90222,0.99767,1,0.995,0.93168,0.99767,1,0.995,0.96654,0.45367,0.21652,0.27505,0.64638,0.000218,0.000218,0.000218
182,2588.19,0.31653,0.37547,0.22478,0.90566,0.99768,1,0.995,0.93557,0.99768,1,0.995,0.9739,0.45149,0.21503,0.27926,0.64573,0.0002081,0.0002081,0.0002081
183,2602.92,0.29964,0.35757,0.21435,0.89073,0.99769,1,0.995,0.93471,0.99769,1,0.995,0.96434,0.45479,0.21973,0.25862,0.64288,0.0001982,0.0001982,0.0001982
184,2617.84,0.29147,0.36239,0.19896,0.89055,0.99767,1,0.995,0.92577,0.99767,1,0.995,0.96105,0.47968,0.22053,0.28827,0.67556,0.0001883,0.0001883,0.0001883
185,2632.45,0.32637,0.37221,0.22028,0.92275,0.99769,1,0.995,0.92597,0.99769,1,0.995,0.95994,0.45743,0.22087,0.28732,0.6647,0.0001784,0.0001784,0.0001784
186,2647.2,0.32747,0.38231,0.22332,0.91097,0.99765,1,0.995,0.93705,0.99765,1,0.995,0.95233,0.43298,0.22373,0.28406,0.65783,0.0001685,0.0001685,0.0001685
187,2661.96,0.30611,0.35732,0.20937,0.90062,0.99762,1,0.995,0.93083,0.99762,1,0.995,0.97009,0.46894,0.22041,0.28089,0.68806,0.0001586,0.0001586,0.0001586
188,2676.66,0.30486,0.35541,0.21076,0.90455,0.99759,1,0.995,0.93446,0.99759,1,0.995,0.97263,0.42981,0.21904,0.29029,0.6602,0.0001487,0.0001487,0.0001487
189,2691.44,0.31417,0.37581,0.22085,0.90375,0.99762,1,0.995,0.94191,0.99762,1,0.995,0.97299,0.42247,0.21961,0.30784,0.66327,0.0001388,0.0001388,0.0001388
190,2706.26,0.27756,0.32892,0.20025,0.88562,0.9976,1,0.995,0.93159,0.9976,1,0.995,0.97104,0.42382,0.2179,0.31028,0.65505,0.0001289,0.0001289,0.0001289
191,2720.63,0.37711,0.27578,0.2936,0.92939,0.99765,1,0.995,0.93142,0.99765,1,0.995,0.96208,0.47574,0.22053,0.29743,0.68914,0.000119,0.000119,0.000119
192,2734.85,0.37528,0.26034,0.25652,0.9039,0.9977,1,0.995,0.93063,0.9977,1,0.995,0.96114,0.41942,0.22133,0.2766,0.66303,0.0001091,0.0001091,0.0001091
193,2748.99,0.36827,0.26835,0.25306,0.90292,0.99772,1,0.995,0.93146,0.99772,1,0.995,0.96199,0.44401,0.22053,0.27194,0.66537,9.92e-05,9.92e-05,9.92e-05
194,2763.32,0.33294,0.23578,0.2269,0.86609,0.99772,1,0.995,0.92575,0.99772,1,0.995,0.96268,0.42594,0.22041,0.2685,0.65651,8.93e-05,8.93e-05,8.93e-05
195,2777.24,0.33936,0.25841,0.23183,0.86208,0.99776,1,0.995,0.93887,0.99776,1,0.995,0.95496,0.4197,0.2203,0.25081,0.65554,7.94e-05,7.94e-05,7.94e-05
196,2791.37,0.34008,0.252,0.23002,0.87187,0.99775,1,0.995,0.93887,0.99775,1,0.995,0.95496,0.41225,0.22076,0.24735,0.64668,6.95e-05,6.95e-05,6.95e-05
197,2805.59,0.32233,0.24644,0.2221,0.8764,0.99772,1,0.995,0.93947,0.99772,1,0.995,0.95961,0.41137,0.2203,0.23461,0.64421,5.96e-05,5.96e-05,5.96e-05
198,2819.49,0.32887,0.243,0.22346,0.87283,0.99769,1,0.995,0.92603,0.99769,1,0.995,0.95595,0.41281,0.22007,0.23324,0.64433,4.97e-05,4.97e-05,4.97e-05
199,2833.71,0.32097,0.23558,0.21895,0.85312,0.99771,1,0.995,0.92633,0.99771,1,0.995,0.95627,0.41427,0.21984,0.24467,0.64518,3.98e-05,3.98e-05,3.98e-05
200,2847.99,0.30708,0.24143,0.2103,0.86983,0.9977,1,0.995,0.9265,0.9977,1,0.995,0.95645,0.41,0.21996,0.23486,0.64118,2.99e-05,2.99e-05,2.99e-05
